model,mse,mae,r2,explained_variance,mape,max_error
Random Forest,0.14158130963109986,0.2792571985509867,0.857326740239351,0.8573441424261989,186.89986586441734,1.4920410440853713
TCN,0.2234761281964814,0.3554757052621356,0.7748003054106725,0.7764926585398924,226.81122011277833,1.3679412093827201
